url;ID;Operacion;Propiedad;Titulo;Currency;Precio;Ubicacion;Antiguedad;Superficie total;Superficie útil;Dormitorios;Baños
https://www.portalinmobiliario.com/MLC-2761117046-departamentos-de-3-dorm-listos-para-renta-_JM;2761117046;Venta;Departamentos;Departamentos De 3 Dorm. Listos Para Renta;UF;5692;Bulnes, Punta Arenas, Magallanes;0;88;0;3;2
https://www.portalinmobiliario.com/MLC-2761117180-departamento-4-dorm-en-punta-arenas-gran-inversion-renta-_JM;2761117180;Venta;Departamentos;Departamento 4 Dorm. En Punta Arenas Gran Inversion Renta;UF;8316;Bulnes, Punta Arenas, Magallanes;0;138;0;4;3
https://www.portalinmobiliario.com/MLC-1522508967-departamento-en-venta-de-3-dorm-en-punta-arenas-_JM;1522508967;Venta;Departamentos;Departamento En Venta De 3 Dorm. En Punta Arenas;CLP;65000000;Sector Sur, Punta Arenas, Magallanes;9;56;56;3;1
https://www.portalinmobiliario.com/MLC-2775441468-departamento-en-venta-de-3-dorm-en-punta-arenas-_JM;2775441468;Venta;Departamentos;Departamento En Venta De 3 Dorm. En Punta Arenas;CLP;78000000;Sector Norponiente, Punta Arenas, Magallanes;6;56;56;3;1
https://www.portalinmobiliario.com/MLC-1492870155-avda-bulnes-hornillas-_JM;1492870155;Venta;Departamentos;Avda. Bulnes - Hornillas;UF;7500;Avda. Bulnes - Hornillas, Punta Arenas, Magallanes;2;94;88;3;2
https://www.portalinmobiliario.com/MLC-2779578280-pasaje-anubis-rio-seco-_JM;2779578280;Venta;Departamentos;Pasaje Anubis Rio Seco;CLP;152000000;Pasaje Anubis Rio Seco, Punta Arenas, Magallanes;10;70;70;2;2
https://www.portalinmobiliario.com/MLC-2493753666-oportunidad-unica-elegante-duplex-con-hermosa-vi-_JM;2493753666;Venta;Departamentos;¡oportunidad Unica! Elegante Duplex Con Hermosa Vi...;CLP;330000000;Punta Arenas, Punta Arenas, Magallanes;63;174;174;3;3
https://www.portalinmobiliario.com/MLC-2504381506-acogedores-departamentos-en-edificio-frente-al-est-_JM;2504381506;Venta;Departamentos;Acogedores Departamentos En Edificio Frente Al Est...;UF;15120;Punta Arenas, Punta Arenas, Magallanes;7;463;260;10;5
https://www.portalinmobiliario.com/MLC-2680596170-depatamento-en-plena-calle-bories-con-opcion-de-co-_JM;2680596170;Venta;Departamentos;Depatamento En Plena Calle Bories Con Opción De Co...;CLP;329000000;Punta Arenas, Punta Arenas, Magallanes;99;135;135;4;1
https://www.portalinmobiliario.com/MLC-1546105079-excelente-oportunidad-de-compra-_JM;1546105079;Venta;Departamentos;Excelente Oportunidad De Compra.;CLP;210000000;Excelente Oportunidad De Compra., Punta Arenas, Magallanes;0;120;120;3;2
https://www.portalinmobiliario.com/MLC-1550535519-pueblos-unidos-pasado-patagona-_JM;1550535519;Venta;Departamentos;Pueblos Unidos, Pasado Patagona;CLP;57000000;Pueblos Unidos, Pasado Patagona, Punta Arenas, Magallanes;7;58;58;3;1
https://www.portalinmobiliario.com/MLC-2743360492-centro-de-punta-arenas-4d-2b-111-m2-superficie-_JM;2743360492;Venta;Departamentos;Centro De Punta Arenas. 4d. 2b. 111 M2 Superficie...;CLP;188000000;Rómulo Correa 300 - 600, Punta Arenas, Magallanes;;111;111;4;2
https://www.portalinmobiliario.com/MLC-1547330933-exclusiva-propiedad-venta-5d-3b-quincho-calef-central-patio-_JM;1547330933;Venta;Casas;Exclusiva Propiedad Venta 5d 3b Quincho Calef Central Patio;CLP;515000000;Guillermo Tell, Punta Arenas, Magallanes;34;700;300;5;3
https://www.portalinmobiliario.com/MLC-1533036533-casa-en-venta-de-4-dorm-en-punta-arenas-_JM;1533036533;Venta;Casas;Casa En Venta De 4 Dorm. En Punta Arenas;CLP;85000000;Los Albatros Aves Australes, Punta Arenas, Magallanes;29;100;85;4;1
https://www.portalinmobiliario.com/MLC-1534207977-magnifica-casa-4d-6b-quincho-_JM;1534207977;Venta;Casas;Magnifica Casa 4d 6b, Quincho;UF;24500;Jose Urbano Baeriswyl 1400, Punta Arenas, Magallanes;1;500;390;4;6
https://www.portalinmobiliario.com/MLC-1550972097-vende-hermosa-casa-totalmente-remodelada-precio-rebajado-_JM;1550972097;Venta;Casas;Vende Hermosa Casa Totalmente Remodelada, Precio Rebajado!;CLP;205000000;Enrique Lizondo Calvo 542, 6202739 Magallanes, Punta Arenas, Magallanes Y La Antártica Chilena, Chile, Punta Arenas, Magallanes;20;300;100;6;2
https://www.portalinmobiliario.com/MLC-1532537025-100-financto-casa-3d-3b-conjunto-alto-bulnes-pta-arenas-_JM;1532537025;Venta;Casas;100% Financto, Casa 3d 3b Conjunto Alto Bulnes, Pta Arenas.;UF;8037;Av. Pdte. Manuel Bulnes 4276, Punta Arenas, Magallanes;;238;115;3;3
https://www.portalinmobiliario.com/MLC-2689575018-100-financ-casa-3d-2b-cond-patagonia-punta-arenas-chile-_JM;2689575018;Venta;Casas;100% Financ. Casa 3d 2b Cond. Patagonia, Punta Arenas. Chile;UF;5504;Rómulo Correa 0945, Punta Arenas, Magallanes;;194;90;3;2
https://www.portalinmobiliario.com/MLC-1523408851-oportunidad-en-el-mejor-barrio-de-pta-arenas-3d-3b-quincho-_JM;1523408851;Venta;Casas;Oportunidad En El Mejor Barrio De Pta Arenas 3d 3b Quincho;CLP;290000000;Daniel 01952, Punta Arenas, Magallanes;0;333;114;3;3
https://www.portalinmobiliario.com/MLC-2693100408-casa-en-venta-en-punta-arenas-_JM;2693100408;Venta;Casas;Casa En Venta En Punta Arenas;UF;7400;Terrazas Del Estrecho, Punta Arenas, Magallanes;0;204;135;3;3
https://www.portalinmobiliario.com/MLC-1522547813-hermosa-vista-estrecho-de-magallanes-_JM;1522547813;Venta;Casas;Hermosa Vista Estrecho De Magallanes;UF;11500;Ruta 9 Sur Km. 6,5 N°6486, Punta Arenas, Magallanes;14;1300;182;3;2
https://www.portalinmobiliario.com/MLC-1537525323-casa-en-venta-3d-3b-quincho-calefaccion-central-_JM;1537525323;Venta;Casas;Casa En Venta 3d 3b Quincho Calefacción Central;CLP;190000000;Sector Su, Punta Arenas, Magallanes;34;220;156;3;3
https://www.portalinmobiliario.com/MLC-2775473714-vendemos-esta-hermosa-arquitectura-_JM;2775473714;Venta;Casas;Vendemos Esta Hermosa Arquitectura;CLP;300000000;Sector Centro, Punta Arenas, Magallanes;44;250;150;3;2
https://www.portalinmobiliario.com/MLC-1523472561-casa-en-venta-de-2-dorm-en-punta-arenas-_JM;1523472561;Venta;Casas;Casa En Venta De 2 Dorm. En Punta Arenas;CLP;150000000;Sector Centro Norte, Punta Arenas, Magallanes;0;132;130;2;1
https://www.portalinmobiliario.com/MLC-1522495907-amplia-casa-en-venta-de-sector-residencial-_JM;1522495907;Venta;Casas;Amplia Casa En Venta De Sector Residencial;UF;5500;Villa Las Vertientes, Punta Arenas, Magallanes;46;244;2155;4;4
https://www.portalinmobiliario.com/MLC-2717070838-casa-en-venta-de-3-dorm-en-punta-arenas-_JM;2717070838;Venta;Casas;Casa En Venta De 3 Dorm. En Punta Arenas;UF;7500;Sector Oeste, Punta Arenas, Magallanes;0;738;132;3;4
https://www.portalinmobiliario.com/MLC-2775395998-oportunidad-venta-hermosa-propiedad-3d-3b-estacionamiento-cc-_JM;2775395998;Venta;Casas;Oportunidad Venta Hermosa Propiedad 3d 3b Estacionamiento Cc;CLP;400000000;Armando Sanhuza, Punta Arenas, Magallanes;34;200;140;3;3
https://www.portalinmobiliario.com/MLC-2591439678-casa-en-venta-3d-3b-ccentral-oportunidad--_JM;2591439678;Venta;Casas;Casa En Venta 3d 3b C.central ..oportunidad !!!;CLP;169000000;Valle Las Lengas, Punta Arenas, Magallanes;3;120;80;3;3
https://www.portalinmobiliario.com/MLC-1522560923-amplia-casa-patrimonial-de-punta-arenas-_JM;1522560923;Venta;Casas;Amplia Casa Patrimonial De Punta Arenas;UF;10000;Sector Centro, Punta Arenas, Magallanes;124;625;506;4;1
https://www.portalinmobiliario.com/MLC-1522457103-casa-en-venta-de-3-dorm-en-punta-arenas-_JM;1522457103;Venta;Casas;Casa En Venta De 3 Dorm. En Punta Arenas;CLP;350000000;Villa Alto Bulnes, Punta Arenas, Magallanes;0;325;115;3;3
https://www.portalinmobiliario.com/MLC-1547255053-vendemos-sector-sur-hermosa-casa-con-la-mejor-de-las-vistas-_JM;1547255053;Venta;Casas;Vendemos Sector Sur Hermosa Casa Con La Mejor De Las Vistas;CLP;105000000;Villa Vista Mirador Del Estercho, Punta Arenas, Magallanes;4;100;60;2;1
https://www.portalinmobiliario.com/MLC-1522483209-casa-en-venta-de-3-dorm-en-punta-arenas-_JM;1522483209;Venta;Casas;Casa En Venta De 3 Dorm. En Punta Arenas;CLP;380000000;Centro, Punta Arenas, Magallanes;0;292;191;3;3
https://www.portalinmobiliario.com/MLC-1522534769-casa-en-venta-de-3-dorm-en-punta-arenas-_JM;1522534769;Venta;Casas;Casa En Venta De 3 Dorm. En Punta Arenas;UF;10252;Lomas De Bellavista, Punta Arenas, Magallanes;24;250;200;3;3
https://www.portalinmobiliario.com/MLC-2770265424-luminosa-casa-excelente-ubicacion-_JM;2770265424;Venta;Casas;Luminosa Casa, Excelente Ubicación.;CLP;225000000;Punta Arenas, Punta Arenas, Magallanes;42;200;218;3;2
https://www.portalinmobiliario.com/MLC-2764593344-casa-en-venta-de-4-dorm-en-punta-arenas-_JM;2764593344;Venta;Casas;Casa En Venta De 4 Dorm. En Punta Arenas;UF;10500;Villa Cataratas Del Niagara, Punta Arenas, Magallanes;0;0;0;4;2
https://www.portalinmobiliario.com/MLC-1525786877-manuel-rodriguez-con-briceno-centro-sur-_JM;1525786877;Venta;Casas;Manuel Rodríguez Con Briceño (centro Sur);UF;5523;Manuel Rodríguez - Briceño, Punta Arenas, Magallanes;70;600;142;2;1
https://www.portalinmobiliario.com/MLC-1547518795-venta-de-casa-prolongacion-mardones-_JM;1547518795;Venta;Casas;Venta De Casa Prolongación Mardones;CLP;219000000;Prolongacion Mardones, Punta Arenas, Magallanes;7;1193;119;2;1
https://www.portalinmobiliario.com/MLC-1549191703-barrio-croata-_JM;1549191703;Venta;Casas;Barrio Croata;UF;24000;Barrio Croata, Punta Arenas, Magallanes;80;1000;348;5;3
https://www.portalinmobiliario.com/MLC-1512001901-casa-en-amplio-terreno-_JM;1512001901;Venta;Casas;Casa En Amplio Terreno;UF;16000;21 De Mayo Frente A Television Nacional, Punta Arenas, Magallanes;55;1500;354;3;2
https://www.portalinmobiliario.com/MLC-2726783348-romulo-correa-esquina-orella-_JM;2726783348;Venta;Casas;Romulo Correa Esquina Orella;CLP;290000000;Romulo Correa Esquina Orella, Punta Arenas, Magallanes;15;183;400;4;3
https://www.portalinmobiliario.com/MLC-1538496575-casa-238-m2-rematada-por-banco-3d3b-en-punta-arenas-_JM;1538496575;Venta;Casas;Casa 238 M2 Rematada Por Banco 3d3b En Punta Arenas;UF;8037;Av. Pdte. Manuel Bulnes 4276, Punta Arenas, Magallanes;5;238;238;3;3
https://www.portalinmobiliario.com/MLC-2783301686-casa-2-dormitorios-1-bano-portal-del-sur-_JM;2783301686;Venta;Casas;Casa. 2 Dormitorios. 1 Baño. Portal Del Sur.;CLP;140000000;Itata, Punta Arenas, Chile, Punta Arenas, Magallanes;;67;100;2;1
https://www.portalinmobiliario.com/MLC-2711976064-propiedad-con-2-casas-en-calle-hornillas-punta-arenas-_JM;2711976064;Venta;Casas;Propiedad Con 2 Casas En Calle Hornillas, Punta Arenas;CLP;275000000;Hornillas 1454, Punta Arenas, Magallanes;2;160;160;7;2
https://www.portalinmobiliario.com/MLC-2491428516-oportunidad-casa-nueva-en-venta-sector-norte-_JM;2491428516;Venta;Casas;Oportunidad Casa Nueva En Venta Sector Norte;CLP;190000000;Willem Schouten, 2400 - 2700, Punta Arenas, Magallanes;0;241;241;4;2
https://www.portalinmobiliario.com/MLC-2636178852-oportunidad-casa-sector-norte-punta-arenas-_JM;2636178852;Venta;Casas;Oportunidad! Casa Sector Norte, Punta Arenas;CLP;200000000;Cerro Beldevere, 02462, Punta Arenas, Magallanes;0;235.58;235.58;4;2
https://www.portalinmobiliario.com/MLC-2752627166-casa-con-gran-terreno-_JM;2752627166;Venta;Casas;Casa Con Gran Terreno;CLP;220000000;Manantiales, Lt E 1 - 300, Punta Arenas, Magallanes;4;432;346;4;2
https://www.portalinmobiliario.com/MLC-2789778576-hermosa-casa-sector-norte-punta-arenas-_JM;2789778576;Venta;Casas;Hermosa Casa Sector Norte Punta Arenas;UF;16000;Punta Arenas, Punta Arenas, Magallanes;13;504;244;4;4
https://www.portalinmobiliario.com/MLC-2622556358-acogedora-casa-en-sector-18-de-septiembre-punta-a-_JM;2622556358;Venta;Casas;Acogedora Casa En Sector 18 De Septiembre, Punta A...;CLP;180000000;Punta Arenas, Punta Arenas, Magallanes;43;318;108;4;2
https://www.portalinmobiliario.com/MLC-1511242273-hermosa-casa-con-vista-al-estrecho-_JM;1511242273;Venta;Casas;Hermosa Casa Con Vista Al Estrecho;UF;25340;Punta Arenas, Punta Arenas, Magallanes;11;1.38;362;4;4
https://www.portalinmobiliario.com/MLC-2764832468-exclusiva-propiedad-en-excelente-condominio-_JM;2764832468;Venta;Casas;Exclusiva Propiedad En Excelente Condominio;CLP;685000000;Chile, Punta Arenas, Magallanes;6;780;326;4;5
https://www.portalinmobiliario.com/MLC-2764054172-casa-en-venta-en-lomas-del-estrecho-_JM;2764054172;Venta;Casas;Casa En Venta En Lomas Del Estrecho;UF;7499;Punta Arenas, Punta Arenas, Magallanes;17;179;147;3;3
https://www.portalinmobiliario.com/MLC-1531511023-espectacular-casa-en-barrio-croata-_JM;1531511023;Venta;Casas;Espectacular Casa En Barrio Croata;UF;21565;Punta Arenas, Punta Arenas, Magallanes;54;1000;348;5;3
https://www.portalinmobiliario.com/MLC-1491921655-casa-hermosa-en-exclusivo-condominio-_JM;1491921655;Venta;Casas;Casa Hermosa En Exclusivo Condominio;CLP;270000000;Lt A- Condom Los Vascos, Punta Arenas, Magallanes;5;478;125;3;2
https://www.portalinmobiliario.com/MLC-1533062605-casa-ideal-para-oficinas-o-uso-comercial-por-su-ub-_JM;1533062605;Venta;Casas;Casa Ideal Para Oficinas O Uso Comercial Por Su Ub...;UF;10780;Punta Arenas, Punta Arenas, Magallanes;64;223;190;3;2
https://www.portalinmobiliario.com/MLC-2758248032-hermosa-casa-en-venta-en-zona-norte-de-la-ciudad-_JM;2758248032;Venta;Casas;Hermosa Casa En Venta En Zona Norte De La Ciudad;CLP;298000000;Chile, Punta Arenas, Magallanes;36;250;130;3;2
https://www.portalinmobiliario.com/MLC-1528159771-una-excelente-inversion-casa-_JM;1528159771;Venta;Casas;Una Excelente Inversión, Casa;CLP;380000000;Punta Arenas, Punta Arenas, Magallanes;8;400;306;5;3
https://www.portalinmobiliario.com/MLC-1527900545-casa-totalmente-remodelada-sector-norte-de-punta-a-_JM;1527900545;Venta;Casas;Casa Totalmente Remodelada Sector Norte De Punta A...;CLP;295000000;Punta Arenas, Punta Arenas, Magallanes;13;254;155;4;4
https://www.portalinmobiliario.com/MLC-1499515089-vive-frente-al-estrecho-en-una-propiedad-de-ensue-_JM;1499515089;Venta;Casas;¡vive Frente Al Estrecho En Una Propiedad De Ensue...;UF;33000;Punta Arenas, Punta Arenas, Magallanes;14;2000;350;5;4
https://www.portalinmobiliario.com/MLC-1535035323-hermosa-casa-con-historia-en-punta-arenas-_JM;1535035323;Venta;Casas;Hermosa Casa Con Historia En Punta Arenas;UF;18328;Punta Arenas, Punta Arenas, Magallanes;104;345;202;4;1
https://www.portalinmobiliario.com/MLC-1500260853-excelente-propiedad-en-venta-a-metros-del-centro-_JM;1500260853;Venta;Casas;Excelente Propiedad En Venta A Metros Del Centro;CLP;250000000;Punta Arenas, Punta Arenas, Magallanes;115;312;79;2;1
https://www.portalinmobiliario.com/MLC-2752511676-hermosa-casa-en-condominio-sector-norte-de-punta--_JM;2752511676;Venta;Casas;Hermosa Casa En Condominio, Sector Norte De Punta ...;UF;9400;Punta Arenas, Punta Arenas, Magallanes;24;940;159;2;3
https://www.portalinmobiliario.com/MLC-2771425578-casa-en-sector-residencial-a-pasos-de-costanera-en-_JM;2771425578;Venta;Casas;Casa En Sector Residencial A Pasos De Costanera En...;UF;8300;Punta Arenas, Punta Arenas, Magallanes;24;450;136;5;2
https://www.portalinmobiliario.com/MLC-2616756900-acogedora-casa-en-condominio-patagonia-_JM;2616756900;Venta;Casas;Acogedora Casa En Condominio Patagonia;CLP;170000000;Punta Arenas, Punta Arenas, Magallanes;8;193;85;3;2
https://www.portalinmobiliario.com/MLC-2598470006-excelente-casa-con-departamento-independiente-_JM;2598470006;Venta;Casas;¡excelente Casa Con Departamento Independiente!;CLP;238000000;Punta Arenas, Punta Arenas, Magallanes;10;108;108;3;2
https://www.portalinmobiliario.com/MLC-1528120859-comoda-casa-sector-rio-los-ciervos-_JM;1528120859;Venta;Casas;Cómoda Casa Sector Rio Los Ciervos;CLP;299000000;Punta Arenas, Punta Arenas, Magallanes;11;621;181;3;2
https://www.portalinmobiliario.com/MLC-1546158671-inversion-versatil-propiedad-unica-con-tres-casa-_JM;1546158671;Venta;Casas;¡inversión Versátil! Propiedad Única Con Tres Casa...;CLP;290000000;Punta Arenas, Punta Arenas, Magallanes;13;455;182;6;3
https://www.portalinmobiliario.com/MLC-1494053767-hermosa-propiedad-en-sector-norte-punta-arenas-_JM;1494053767;Venta;Casas;Hermosa Propiedad En Sector Norte, Punta Arenas;CLP;270000000;Punta Arenas, Punta Arenas, Magallanes;22;307;147;3;2
https://www.portalinmobiliario.com/MLC-1500592373-hermosa-casa-tipo-chalet-_JM;1500592373;Venta;Casas;Hermosa Casa Tipo Chalet;UF;19000;Punta Arenas, Punta Arenas, Magallanes;94;720;263;4;2
https://www.portalinmobiliario.com/MLC-1538351179-casa-con-excelente-ubicacion-en-barrio-muy-tranqui-_JM;1538351179;Venta;Casas;Casa Con Excelente Ubicación En Barrio Muy Tranqui...;CLP;230000000;Punta Arenas, Punta Arenas, Magallanes;54;197;90;3;2
https://www.portalinmobiliario.com/MLC-2758191368-increible-propiedad-y-terreno-a-la-venta-zona-del--_JM;2758191368;Venta;Casas;Increíble Propiedad Y Terreno A La Venta Zona Del ...;UF;24182;N°6486 Leñadura, Punta Arenas, Magallanes;34;3300;175;4;3
https://www.portalinmobiliario.com/MLC-2505196328-acogedora-propiedad-en-villa-el-bosque-_JM;2505196328;Venta;Casas;Acogedora Propiedad En Villa El Bosque;UF;14930;Punta Arenas, Punta Arenas, Magallanes;32;751;230;5;4
https://www.portalinmobiliario.com/MLC-2644164188-casa-ideal-para-uso-comercial-en-barrio-prat-_JM;2644164188;Venta;Casas;Casa Ideal Para Uso Comercial En Barrio Prat;CLP;295000000;Punta Arenas, Punta Arenas, Magallanes;2;400;274;4;3
https://www.portalinmobiliario.com/MLC-1538402589-casa-en-excelente-ubicacion-en-punta-arenas-_JM;1538402589;Venta;Casas;Casa En Excelente Ubicación En Punta Arenas;CLP;250000000;Punta Arenas, Punta Arenas, Magallanes;64;178.63;129;3;2
https://www.portalinmobiliario.com/MLC-2761832620-amplia-casa-en-barrio-18-de-septiembre-punta-aren-_JM;2761832620;Venta;Casas;Amplia Casa En Barrio 18 De Septiembre- Punta Aren...;CLP;210000000;Punta Arenas, Punta Arenas, Magallanes;65;330;150;4;1
https://www.portalinmobiliario.com/MLC-1500618345-casa-en-sector-norte-punta-arenas-_JM;1500618345;Venta;Casas;Casa En Sector Norte, Punta Arenas.;CLP;210000000;Punta Arenas, Punta Arenas, Magallanes;10;231;133;4;2
https://www.portalinmobiliario.com/MLC-2653170944-casa-excelente-conectividad-_JM;2653170944;Venta;Casas;Casa Excelente Conectividad;CLP;153000000;Punta Arenas, Punta Arenas, Magallanes;64;230;95;5;1
https://www.portalinmobiliario.com/MLC-1494028451-casa-sector-pedro-aguirre-cerda-_JM;1494028451;Venta;Casas;Casa Sector Pedro Aguirre Cerda;CLP;165000000;Punta Arenas, Punta Arenas, Magallanes;22;200;129;3;1
https://www.portalinmobiliario.com/MLC-2675271880-amplia-casa-sector-norte-punta-arenas-_JM;2675271880;Venta;Casas;Amplia Casa, Sector Norte, Punta Arenas.;UF;8450;Punta Arenas, Punta Arenas, Magallanes;47;210;152;4;3
https://www.portalinmobiliario.com/MLC-1528146689-casa-para-uso-habitacional-o-comercial-sector-cen-_JM;1528146689;Venta;Casas;Casa Para Uso Habitacional O Comercial, Sector Cen...;UF;16194;Punta Arenas, Punta Arenas, Magallanes;44;500;400;4;4
https://www.portalinmobiliario.com/MLC-2750793598-casa-con-excelente-ubicacion-zona-norte-_JM;2750793598;Venta;Casas;Casa Con Excelente Ubicación- Zona Norte;UF;6060;Punta Arenas, Punta Arenas, Magallanes;39;182;115;4;2
https://www.portalinmobiliario.com/MLC-1542600491-se-vende-casa-en-sector-centro-norte-inmejorable--_JM;1542600491;Venta;Casas;Se Vende Casa En Sector Centro Norte ¡inmejorable ...;CLP;250000000;Punta Arenas, Punta Arenas, Magallanes;65;197;155;4;2
https://www.portalinmobiliario.com/MLC-2770289892-casa-excelente-ubicacion-_JM;2770289892;Venta;Casas;Casa Excelente Ubicación;UF;6930;Punta Arenas, Punta Arenas, Magallanes;29;241;177;3;1
https://www.portalinmobiliario.com/MLC-2788483644-se-vende-propiedad-en-pleno-centro-de-punta-arenas-_JM;2788483644;Venta;Casas;Se Vende Propiedad En Pleno Centro De Punta Arenas...;CLP;600000000;Punta Arenas, Punta Arenas, Magallanes;109;229;519;13;13
https://www.portalinmobiliario.com/MLC-1497817655-hermoso-loft-a-solo-10-minutos-de-la-ciudad-_JM;1497817655;Venta;Casas;Hermoso Loft A Solo 10 Minutos De La Ciudad;CLP;155000000;Loft Del Estrecho, Punta Arenas, Magallanes;5;70;70;2;2
https://www.portalinmobiliario.com/MLC-2598391834-casa-a-la-venta-en-barrio-residencial-_JM;2598391834;Venta;Casas;Casa A La Venta En Barrio Residencial;CLP;245000000;Punta Arenas, Punta Arenas, Magallanes;172;241;141;3;2
https://www.portalinmobiliario.com/MLC-1520569765-hermosa-casa-sector-villa-el-bosque-punta-arenas-_JM;1520569765;Venta;Casas;Hermosa Casa Sector Villa El Bosque Punta Arenas;UF;27000;Punta Arenas, Punta Arenas, Magallanes;34;1614;380;4;6
https://www.portalinmobiliario.com/MLC-1528172431-casa-sector-centro-de-punta-arenas-_JM;1528172431;Venta;Casas;Casa Sector Centro De Punta Arenas;CLP;245000000;Punta Arenas, Punta Arenas, Magallanes;58;181;145;3;2
https://www.portalinmobiliario.com/MLC-1528172465-amplia-casa-en-sector-norte-punta-arenas-_JM;1528172465;Venta;Casas;Amplia Casa En Sector Norte Punta Arenas;CLP;248000000;Punta Arenas, Punta Arenas, Magallanes;34;250;215;3;2
https://www.portalinmobiliario.com/MLC-1546208603-casa-con-propio-estilo-arquitectonico-en-punta-ar-_JM;1546208603;Venta;Casas;Casa Con Propio Estilo Arquitectónico, En Punta Ar...;CLP;360000000;Punta Arenas, Punta Arenas, Magallanes;36;301;171;4;2
https://www.portalinmobiliario.com/MLC-1546271425-hermosa-casa-en-barrio-prat-_JM;1546271425;Venta;Casas;Hermosa Casa En Barrio Prat;UF;8148;Punta Arenas, Punta Arenas, Magallanes;9;200;180;4;3
https://www.portalinmobiliario.com/MLC-1551821059-casa-en-venta-sector-cerro-de-la-cruz-_JM;1551821059;Venta;Casas;Casa En Venta Sector Cerro De La Cruz;CLP;268000000;Punta Arenas, Punta Arenas, Magallanes;74;495;130;3;1
https://www.portalinmobiliario.com/MLC-1528196269-gran-casa-sector-mardones-punta-arenas-_JM;1528196269;Venta;Casas;Gran Casa Sector Mardones Punta Arenas;CLP;200000000;Punta Arenas, Punta Arenas, Magallanes;23;214;244;4;3
https://www.portalinmobiliario.com/MLC-2770363644-hermosa-casa-en-venta-punta-arenas-_JM;2770363644;Venta;Casas;Hermosa Casa En Venta, Punta Arenas;UF;7300;Punta Arenas, Punta Arenas, Magallanes;0;328;150;3;2
https://www.portalinmobiliario.com/MLC-1545909489-amplia-y-acogedora-casa-en-punta-arenas-_JM;1545909489;Venta;Casas;Amplia Y Acogedora Casa En Punta Arenas;UF;6700;Punta Arenas, Punta Arenas, Magallanes;0;400;240;6;2
https://www.portalinmobiliario.com/MLC-1527861743-casa-en-sector-norte-punta-arenas-_JM;1527861743;Venta;Casas;Casa En Sector Norte Punta Arenas;CLP;220000000;Punta Arenas, Punta Arenas, Magallanes;44;241;106;3;1
https://www.portalinmobiliario.com/MLC-2761742724-acogedora-casa-en-terrazas-del-estrecho-en-punta-a-_JM;2761742724;Venta;Casas;Acogedora Casa En Terrazas Del Estrecho En Punta A...;CLP;190000000;Punta Arenas, Punta Arenas, Magallanes;8;154;71;3;2
https://www.portalinmobiliario.com/MLC-2770265428-tradicional-casa-en-sector-cerro-la-cruz-_JM;2770265428;Venta;Casas;Tradicional Casa En Sector Cerro La Cruz;CLP;250000000;Punta Arenas, Punta Arenas, Magallanes;57;300;140;3;2
https://www.portalinmobiliario.com/MLC-2770363638-casa-con-destino-comercial-_JM;2770363638;Venta;Casas;Casa Con Destino Comercial;UF;14100;Punta Arenas, Punta Arenas, Magallanes;0;348;289;3;1
https://www.portalinmobiliario.com/MLC-1546247067-casa-en-barrio-residencial-a-pasos-de-costanera-en-_JM;1546247067;Venta;Casas;Casa En Barrio Residencial A Pasos De Costanera En...;CLP;310000000;Punta Arenas, Punta Arenas, Magallanes;26;118;105;3;2
https://www.portalinmobiliario.com/MLC-1546221587-amplia-casa-en-sector-residencian-en-punta-arenas-_JM;1546221587;Venta;Casas;Amplia Casa En Sector Residencian En Punta Arenas;UF;13327;Punta Arenas, Punta Arenas, Magallanes;15;205;154;4;4
https://www.portalinmobiliario.com/MLC-2640421196-elegante-propiedad-en-sector-norte-_JM;2640421196;Venta;Casas;Elegante Propiedad En Sector Norte;UF;39890;Punta Arenas, Punta Arenas, Magallanes;27;2.96;140;4;2
https://www.portalinmobiliario.com/MLC-2776614558-acogedora-casa-con-gran-terreno-_JM;2776614558;Venta;Casas;Acogedora Casa Con Gran Terreno;CLP;150000000;Punta Arenas, Punta Arenas, Magallanes;12;784;106;3;1
https://www.portalinmobiliario.com/MLC-2771174340-casa-en-venta-villa-las-nieves-en-punta-arenas-_JM;2771174340;Venta;Casas;Casa En Venta Villa Las Nieves En Punta Arenas;CLP;175000000;Punta Arenas, Punta Arenas, Magallanes;34;160;120;2;2
https://www.portalinmobiliario.com/MLC-2752563346-casa-con-excelente-perfil-comercial-inmobiliario--_JM;2752563346;Venta;Casas;Casa Con Excelente Perfil Comercial, Inmobiliario ...;CLP;250000000;Punta Arenas, Punta Arenas, Magallanes;64;241;91;3;1
https://www.portalinmobiliario.com/MLC-1510448835-casa-excelente-oportunidad-_JM;1510448835;Venta;Casas;Casa Excelente Oportunidad;CLP;150000000;Punta Arenas, Punta Arenas, Magallanes;40;148;129;4;2
https://www.portalinmobiliario.com/MLC-1504017023-casa-en-venta-en-villa-sendero-austral-_JM;1504017023;Venta;Casas;Casa En Venta En Villa Sendero Austral;CLP;158000000;Punta Arenas, Punta Arenas, Magallanes;15;132;73;3;2
https://www.portalinmobiliario.com/MLC-1494066509-casa-sector-cerro-la-cruz-_JM;1494066509;Venta;Casas;Casa Sector Cerro La Cruz;UF;7700;Punta Arenas, Punta Arenas, Magallanes;100;625;120;3;1
https://www.portalinmobiliario.com/MLC-2761742716-gran-casa-para-remodelar-uso-habitacional-o-comer-_JM;2761742716;Venta;Casas;Gran Casa Para Remodelar, Uso Habitacional O Comer...;CLP;159000000;Punta Arenas, Punta Arenas, Magallanes;68;312;134;4;1
https://www.portalinmobiliario.com/MLC-2771071974-casa-en-venta-sector-sur-_JM;2771071974;Venta;Casas;Casa En Venta Sector Sur;CLP;117000000;Punta Arenas, Punta Arenas, Magallanes;8;150;67;3;1
https://www.portalinmobiliario.com/MLC-2644125478-gran-casona-ideal-para-hostal-_JM;2644125478;Venta;Casas;Gran Casona Ideal Para Hostal;UF;16000;Punta Arenas, Punta Arenas, Magallanes;22;599;242;7;2
https://www.portalinmobiliario.com/MLC-1546271449-casa-con-destino-comercial-punta-arenas-_JM;1546271449;Venta;Casas;Casa Con Destino Comercial Punta Arenas;UF;6695;Punta Arenas, Punta Arenas, Magallanes;0;187;187;3;1
https://www.portalinmobiliario.com/MLC-1500453703-casa-sector-rio-seco-punta-arenas-_JM;1500453703;Venta;Casas;Casa Sector Río Seco, Punta Arenas;CLP;215000000;Bernardo Philippi 1 - 300, Punta Arenas, Magallanes Y La Antártica Chilena, Chile, Punta Arenas, Magallanes;;375;190;4;2
https://www.portalinmobiliario.com/MLC-2783355572-centro-medico-bulnes-gran-propiedad-comercial-punta-arena-_JM;2783355572;Venta;Casas;Centro Médico Bulnes, Gran Propiedad Comercial Punta Arena;CLP;495000000;Pedro Sarmiento De Gamboa, Punta Arenas, Punta Arenas, Magallanes;28;625;250;4;3
https://www.portalinmobiliario.com/MLC-1463410245-casa-amplia-punta-arenas-apta-para-comercio-_JM;1463410245;Venta;Casas;Casa Amplia Punta Arenas Apta Para Comercio;CLP;395000000;Miraflores 441, Punta Arenas, Chile, Punta Arenas, Magallanes;1.977;450;292;5;2
https://www.portalinmobiliario.com/MLC-1552356447-casa-en-punta-arenas-hasta-100-de-financiamiento-_JM;1552356447;Venta;Casas;Casa En Punta Arenas. Hasta 100% De Financiamiento.;UF;8037;Calle Interior 2, Villa Alto Bulnes., Punta Arenas, Magallanes;;238;115;3;3
https://www.portalinmobiliario.com/MLC-2765354618-casa-en-punta-arenas-hasta-100-financiamiento-_JM;2765354618;Venta;Casas;Casa En Punta Arenas. Hasta 100% Financiamiento.;UF;7780;;;375;250.69;0;0
https://www.portalinmobiliario.com/MLC-1535020693-en-venta-amplia-casa-punta-arenas-140-millones-_JM;1535020693;Venta;Casas;En Venta Amplia Casa, Punta Arenas, $ 140 Millones;CLP;140000000;Mariano Egaña, Eusebio Lillo, Punta Arenas, Magallanes;55;340;120;5;2
https://www.portalinmobiliario.com/MLC-2777066176-casa-en-venta-de-11-dorm-en-punta-arenas-_JM;2777066176;Venta;Casas;Casa En Venta De 11 Dorm. En Punta Arenas;CLP;589000000;Jose Manuel Balmaceda, Punta Arenas, Magallanes;47;500;340;11;8
https://www.portalinmobiliario.com/MLC-2761178066-hermosa-casa-en-venta-en-punta-arenas-_JM;2761178066;Venta;Casas;Hermosa Casa En Venta En Punta Arenas;CLP;195000000;Calle 2 Proyectada 583, Punta Arenas, Chile, Punta Arenas, Magallanes;;171;90;4;3
https://www.portalinmobiliario.com/MLC-2780834052-casa-dos-pisos-remodelada-excelente-accesibilidad-_JM;2780834052;Venta;Casas;Casa Dos Pisos Remodelada Excelente Accesibilidad;UF;3700;Málaga 120, Punta Arenas, Punta Arenas, Magallanes;25;104;85;3;2
https://www.portalinmobiliario.com/MLC-2752596284-espectacular-casa-patrimonial-magallanica-en-amplio-terreno-_JM;2752596284;Venta;Casas;Espectacular Casa Patrimonial Magallánica En Amplio Terreno;UF;21085;Pedro Sarmiento De Gamboa 1034, Punta Arenas, Magallanes;;1000;1000;4;3
https://www.portalinmobiliario.com/MLC-2767953894-hermosa-casa-casi-nueva-en-punta-arenas-_JM;2767953894;Venta;Casas;Hermosa Casa Casi Nueva En Punta Arenas;UF;7500;R29m+vf Punta Arenas, Chile, Punta Arenas, Magallanes;2;738;139;3;4
https://www.portalinmobiliario.com/MLC-2762518240-casa-en-capitan-guillermos-punta-arenas-_JM;2762518240;Venta;Casas;Casa En Capitán Guillermos, Punta Arenas;CLP;120000000;Capitán Juan Guillermos, Punta Arenas, Chile, Punta Arenas, Magallanes;20;84.73;84.73;3;2
https://www.portalinmobiliario.com/MLC-2670123838-casa-en-punta-arenas-hasta-100-de-financiamiento-_JM;2670123838;Venta;Casas;Casa En Punta Arenas. Hasta 100% De Financiamiento,;UF;5504;Romulo Correa N°0945, Casa N°21, Condominio Patagonia, Punta Arenas, Punta Arenas, Magallanes;;194.76;90.35;3;2
https://www.portalinmobiliario.com/MLC-2788457752-increible-casa-en-condominio-de-punta-arenas-_JM;2788457752;Venta;Casas;Increíble Casa En Condominio De Punta Arenas;UF;9000;Lt A-26 Condominio Los Vascos Punta Arenas, Punta Arenas, Magallanes;24;480;140;3;3
https://www.portalinmobiliario.com/MLC-1546195881-casa-con-destino-comercial-_JM;1546195881;Venta;Casas;Casa Con Destino Comercial;UF;11050;Punta Arenas, Punta Arenas, Magallanes;29;312;267;5;6
https://www.portalinmobiliario.com/MLC-2776820126-casa-a-la-venta-_JM;2776820126;Venta;Casas;Casa A La Venta;CLP;245000000;Casa A La Venta, Punta Arenas, Magallanes;30;313;150;3;1
https://www.portalinmobiliario.com/MLC-2765731222-amplia-y-tradicional-54231-_JM;2765731222;Venta;Casas;Amplia Y Tradicional (54231);CLP;290000000;Se Vende Amplia Casa Magallánica, Punta Arenas, Magallanes;64;350;250;6;2
https://www.portalinmobiliario.com/MLC-2775434882-casa-3d-3b-120-m2-230-m2-terreno-conjunto-alto-bulnes-_JM;2775434882;Venta;Casas;Casa 3d 3b 120 M2 , 230 M2 Terreno, Conjunto Alto Bulnes;UF;8087;Casa 3d 3b 120 M2 , 230 M2 Terreno, Conjunto Alto Bulnes, Punta Arenas, Magallanes;0;230;115;3;3
https://www.portalinmobiliario.com/MLC-2775357008-100-financiamiento-casa-3d-2b-cond-patagonia-punta-arenas-_JM;2775357008;Venta;Casas;100% Financiamiento, Casa 3d 2b, Cond Patagonia Punta Arenas;UF;5504;100% Financiamiento, Casa 3d 2b, Cond Patagonia Punta Arenas, Punta Arenas, Magallanes;0;200;97;3;2
https://www.portalinmobiliario.com/MLC-1546130505-propiedad-con-excelente-vista-al-mar-_JM;1546130505;Venta;Casas;Propiedad Con Excelente Vista Al Mar.;CLP;435000000;Propiedad Con Excelente Vista Al Mar., Punta Arenas, Magallanes;30;1551;270;3;1
https://www.portalinmobiliario.com/MLC-2756941702-punta-arenas-conjunto-bulnes-casa-recuperada-en-remate-_JM;2756941702;Venta;Casas;Punta Arenas Conjunto Bulnes Casa Recuperada En Remate;UF;8037;Cemetery Of Punta Arenas - Avenida Bulnes, Punta Arenas, Chile, Punta Arenas, Magallanes;;238;115;2;3
https://www.portalinmobiliario.com/MLC-2759580036-100-financiamiento-hipotecario-casa-3d-3b-alto-bulnes-_JM;2759580036;Venta;Casas;100% Financiamiento Hipotecario Casa 3d 3b Alto Bulnes;UF;7980;C. Sur 150, Punta Arenas, Magallanes;;238;115;3;3
https://www.portalinmobiliario.com/MLC-2742311556-100-financiamiento-casa-de-3d-2b-194-m-condominio-patagonia-_JM;2742311556;Venta;Casas;100% Financiamiento Casa De 3d 2b 194 M Condominio Patagonia;UF;5504;Rómulo Correa 0945, Punta Arenas, Magallanes;;194;90;3;2
https://www.portalinmobiliario.com/MLC-2740572692-casa-en-punta-arenas-remate-13-de-diciembre-de-2024-_JM;2740572692;Venta;Casas;Casa En Punta Arenas Remate 13 De Diciembre De 2024;CLP;55000000;Fernando Ferrer Fernández 1756, Punta Arenas, Magallanes Y La Antártica Chilena, Chile, Punta Arenas, Magallanes;;111;44;3;1
https://www.portalinmobiliario.com/MLC-1532409353-hasta-un-100-financiamiento-casa-3d-3b-punta-arenas-_JM;1532409353;Venta;Casas;Hasta Un 100% Financiamiento, Casa 3d 3b Punta Arenas;UF;8037;Conjunto Alto Bulnes Sn, Punta Arenas, Magallanes;;238;115;3;3
https://www.portalinmobiliario.com/MLC-2751298908-casa-3d-3b-conjunto-alto-bulnes-punta-arenas-_JM;2751298908;Venta;Casas;Casa 3d 3b Conjunto Alto Bulnes, Punta Arenas;UF;8037;Punta Arenas, Punta Arenas, Magallanes;;238;115;3;2
https://www.portalinmobiliario.com/MLC-2677425376-casa-sector-explotadora-punta-arenas-_JM;2677425376;Venta;Casas;Casa Sector Explotadora, Punta Arenas;CLP;245000000;Enrique Abello 701, 6211134 Punta Arenas, Magallanes Y La Antártica Chilena, Chile, Punta Arenas, Magallanes;0;240;141;3;2
https://www.portalinmobiliario.com/MLC-2747586418-hasta-un-100-financiamiento-casa-3d-2b-condominio-patagonia-_JM;2747586418;Venta;Casas;Hasta Un 100% Financiamiento Casa 3d 2b Condominio Patagonia;UF;5504;Rómulo Correa 0945, Punta Arenas, Magallanes;;194;90;3;2
https://www.portalinmobiliario.com/MLC-2658602908-propiedad-en-centro-de-punta-arenas-_JM;2658602908;Venta;Casas;Propiedad En Centro De Punta Arenas;CLP;250000000;Maipú 571, Punta Arenas, Chile, Punta Arenas, Magallanes;0;312.5;140;3;1
https://www.portalinmobiliario.com/MLC-1520188615-casa-villa-las-nieves-punta-arenas-_JM;1520188615;Venta;Casas;Casa Villa Las Nieves, Punta Arenas;CLP;145000000;Avenida Los Generales 0679, Magallanes, Punta Arenas, Chile, Punta Arenas, Magallanes;;160;91;3;1
https://www.portalinmobiliario.com/MLC-2756621838-propiedad-con-dos-casas-en-punta-arenas-_JM;2756621838;Venta;Casas;Propiedad Con Dos Casas En Punta Arenas;CLP;164000000;Rafael Sotomayor 0181, 6212471 Punta Arenas, Magallanes Y La Antártica Chilena, Chile, Punta Arenas, Magallanes;20;315;315;4;2
https://www.portalinmobiliario.com/MLC-2549690802-dbs-propiedades-vende-hermosa-casa-de-2-piso-6d2b-uf-5990-_JM;2549690802;Venta;Casas;Dbs Propiedades Vende Hermosa Casa De 2 Piso 6d/2b Uf 5990;UF;5990;Cirujano Guzmán 124, Punta Arenas, Magallanes;;400;290;6;2
https://www.portalinmobiliario.com/MLC-1548429337-casa-a-pasos-de-unimarc-espana-_JM;1548429337;Venta;Casas;Casa A Pasos De Unimarc España;UF;6052;Espana - Av. España 01212, Magallanes, Punta Arenas, Punta Arenas, Magallanes;1.980;115;200;4;2
https://www.portalinmobiliario.com/MLC-1542590463-casa-de-1-piso-en-punta-arenas-_JM;1542590463;Venta;Casas;Casa De 1 Piso En Punta Arenas;CLP;110000000;Avenida Circunvalación General Ramón Cañas Montalva 2356, 6203078 Punta Arenas, Magallanes Y La Antártica Chilena, Chile, Punta Arenas, Magallanes;5;200;200;2;1
https://www.portalinmobiliario.com/MLC-1538147899-vendo-casa-gran-oportunidad-punta-arenas-_JM;1538147899;Venta;Casas;Vendo Casa, Gran Oportunidad Punta Arenas;CLP;85000000;Los Albatros 1200 - 1500, Punta Arenas, Magallanes;;100;85;4;1
https://www.portalinmobiliario.com/MLC-1549087729-vende-amplia-casa-sector-sur-parenas-_JM;1549087729;Venta;Casas;Vende Amplia Casa Sector Sur P.arenas;UF;25500;Punta Arenas, Punta Arenas, Magallanes;;900;380;4;4
https://www.portalinmobiliario.com/MLC-1517929941-vende-casa-4d5b4-estbarrio-croata-sector-residenparenas-_JM;1517929941;Venta;Casas;Vende Casa 4d/5b,4 Est.barrio Croata Sector Residen.p.arenas;UF;15000;Calle Lautaro Navarro, Punta Arenas, Magallanes;;500;400;4;5
https://www.portalinmobiliario.com/MLC-1552856987-casa-sector-valle-las-lengas-en-punta-arenas-_JM;1552856987;Venta;Casas;Casa Sector Valle Las Lengas En Punta Arenas;UF;5790;Chile, Punta Arenas, Magallanes;2;155;85;3;2
https://www.portalinmobiliario.com/MLC-2751925326-departamento-en-arriendo-_JM;2751925326;Arriendo;Departamentos;Departamento En Arriendo;CLP;730000;Avda. Los Flamencos -avda. Frei Mirador Del Bosque I, Punta Arenas, Magallanes;1;61;61;2;2
https://www.portalinmobiliario.com/MLC-1546793875-departamento-ubicado-en-condominio-en-el-sector-norte-_JM;1546793875;Arriendo;Departamentos;Departamento Ubicado En Condominio En El Sector Norte;CLP;900000;Departamento Ubicado En Condominio En El Sector Norte, Punta Arenas, Magallanes;1;83;78;3;2
https://www.portalinmobiliario.com/MLC-1549178931-hornillas-esquina-bulnes-_JM;1549178931;Arriendo;Departamentos;Hornillas Esquina Bulnes;CLP;1000000;Hornillas Esquina Bulnes, Punta Arenas, Magallanes;0;88;88;3;2
https://www.portalinmobiliario.com/MLC-2754759148-condominio-mirador-del-bosque-ii-avda-frei-los-flamencos-_JM;2754759148;Arriendo;Departamentos;Condominio Mirador Del Bosque Ii Avda Frei - Los Flamencos;CLP;800000;Los Flamencos - Avda. Frei, Punta Arenas, Magallanes;0;53.92;53.92;2;2
https://www.portalinmobiliario.com/MLC-2754835120-depto-semi-amoblado-mirador-del-bosque-ii-_JM;2754835120;Arriendo;Departamentos;Depto. Semi Amoblado Mirador Del Bosque Ii;CLP;870000;Los Flamencos- Avda. Frei Hospital Clínico, Punta Arenas, Magallanes;0;45;45;2;1
https://www.portalinmobiliario.com/MLC-1547515027-condominio-mirador-del-bosque-i-avda-frei-los-flamencos-_JM;1547515027;Arriendo;Departamentos;Condominio Mirador Del Bosque I Avda Frei - Los Flamencos;UF;18;Los Flamencos - Avda. Frei, Punta Arenas, Magallanes;1;45.8;45.8;2;1
https://www.portalinmobiliario.com/MLC-1552354773-departamento-a-estrenar-2d-1b-estacionamiento-sector-sur-_JM;1552354773;Arriendo;Departamentos;Departamento A Estrenar 2d 1b Estacionamiento Sector Sur;CLP;530000;Manuel Menendez, Punta Arenas, Magallanes;1;50;50;2;1
https://www.portalinmobiliario.com/MLC-1542651643-departamento-amoblado-en-el-corazon-de-punta-arena-_JM;1542651643;Arriendo;Departamentos;Departamento Amoblado En El Corazón De Punta Arena...;CLP;680000;Punta Arenas, Punta Arenas, Magallanes;24;50;50;2;1
https://www.portalinmobiliario.com/MLC-2745505916-espectacular-departamento-en-townhouse-_JM;2745505916;Arriendo;Departamentos;Espectacular Departamento En Townhouse;CLP;750000;Punta Arenas, Punta Arenas, Magallanes;1;65;65;2;2
https://www.portalinmobiliario.com/MLC-1538304831-departamento-en-el-centro-de-la-ciudad-_JM;1538304831;Arriendo;Departamentos;Departamento En El Centro De La Ciudad;CLP;780000;Punta Arenas, Punta Arenas, Magallanes;44;90;90;3;2
https://www.portalinmobiliario.com/MLC-1546793143-se-arrienda-cabana-_JM;1546793143;Arriendo;Departamentos;Se Arrienda Cabaña;CLP;550000;Armando Sanhueza, Punta Arenas, Magallanes;0;50;25;1;1
https://www.portalinmobiliario.com/MLC-2761875268-muy-centrico-comodo-monoambiente-amoblado-todo-incuido-_JM;2761875268;Arriendo;Departamentos;Muy Céntrico, Cómodo Monoambiente Amoblado, Todo Incuído.;CLP;600000;Pdte. Jorge Montt 934, Punta Arenas, Magallanes;;500;38;1;1
https://www.portalinmobiliario.com/MLC-1549166315-ruta-9-norte-km-12-con-pasaje-anubis-_JM;1549166315;Arriendo;Casas;Ruta 9 Norte. Km. 12 Con Pasaje Anubis;UF;48;Ruta 9 Norte Km.12 - Pasaje Anubis, Punta Arenas, Magallanes;30;5000;370;5;3
https://www.portalinmobiliario.com/MLC-2741811964-casa-en-arriendo-de-5-dorm-en-punta-arenas-_JM;2741811964;Arriendo;Casas;Casa En Arriendo De 5 Dorm. En Punta Arenas;CLP;3000000;Ruta 9 Sur, Punta Arenas, Magallanes;0;900;380;5;5
https://www.portalinmobiliario.com/MLC-2775526002-hermosa-propiedad-en-el-centro-de-puq-3d-3b-est-quincho-_JM;2775526002;Arriendo;Casas;Hermosa Propiedad En El Centro De Puq 3d 3b Est Quincho;CLP;1200000;Armando Sanhuza, Punta Arenas, Magallanes;34;200;0;3;3
https://www.portalinmobiliario.com/MLC-2772801336-casa-en-arriendo-de-3-dorm-en-punta-arenas-_JM;2772801336;Arriendo;Casas;Casa En Arriendo De 3 Dorm. En Punta Arenas;CLP;800000;Ojo Bueno, Punta Arenas, Magallanes;4;5600;90;3;1
https://www.portalinmobiliario.com/MLC-2744462326-casa-amoblada-en-arriendo-con-hermosa-vista-a-el-e-_JM;2744462326;Arriendo;Casas;Casa Amoblada En Arriendo Con Hermosa Vista A El E...;CLP;2000000;Punta Arenas, Punta Arenas, Magallanes;18;5000;236;3;2
https://www.portalinmobiliario.com/MLC-2760223502-amplia-propiedad-en-arriendo-_JM;2760223502;Arriendo;Casas;Amplia Propiedad En Arriendo;UF;90;Punta Arenas, Punta Arenas, Magallanes;65;600;500;11;3
https://www.portalinmobiliario.com/MLC-2764569218-casa-en-arriendo-sector-norte-_JM;2764569218;Arriendo;Casas;Casa En Arriendo Sector Norte;CLP;1500000;Punta Arenas, Punta Arenas, Magallanes;34;250;215;3;2
https://www.portalinmobiliario.com/MLC-1537058169-amplia-casa-en-sector-residencian-en-punta-arenas-_JM;1537058169;Arriendo;Casas;Amplia Casa En Sector Residencian En Punta Arenas;CLP;1800000;Punta Arenas, Punta Arenas, Magallanes;15;205;154;4;4
https://www.portalinmobiliario.com/MLC-1540761447-excelente-casa-en-arriendo-_JM;1540761447;Arriendo;Casas;Excelente Casa En Arriendo;CLP;950000;Punta Arenas, Punta Arenas, Magallanes;8;400;161;5;3
https://www.portalinmobiliario.com/MLC-1546092199-casa-en-arriendo-a-pasos-de-prat-excelente-estado-_JM;1546092199;Arriendo;Casas;Casa En Arriendo A Pasos De Prat, Excelente Estado.;CLP;525000;Casa En Arriendo A Pasos De Prat, Excelente Estado., Punta Arenas, Magallanes;4;80;80;3;2
https://www.portalinmobiliario.com/MLC-1551302189-algarrobo-arrienda-casa-amplia-cerca-de-mirasol-_JM;1551302189;Arriendo;Casas;¡algarrobo: Arrienda Casa Amplia Cerca De Mirasol!;CLP;1000000;Camino A Mirasol, Punta Arenas, Magallanes;0;400;90;5;2
https://www.portalinmobiliario.com/MLC-1551005577-amplia-casa-sector-fitz-roy-_JM;1551005577;Arriendo;Casas;Amplia Casa, Sector Fitz Roy;CLP;575000;Amplia Casa, Sector Fitz Roy, Punta Arenas, Magallanes;4;100;118;3;2
https://www.portalinmobiliario.com/MLC-2781119888-ideal-para-oficinas-de-gobierno-o-privadas-_JM;2781119888;Arriendo;Casas;Ideal Para Oficinas De Gobierno O Privadas;CLP;3400000;Ideal Para Oficinas De Gobierno O Privadas, Punta Arenas, Magallanes;0;600;500;11;3
https://www.portalinmobiliario.com/MLC-2786242458-encantadora-casa-como-nueva-3-dormitorios-3-banos-_JM;2786242458;Arriendo;Casas;"Encantadora Casa Como Nueva; 3 Dormitorios, 3 Baños";CLP;800000;Pasaje Ángel Legaza Norambuena, Punta Arenas, Magallanes;1;150;81;3;3
https://www.portalinmobiliario.com/MLC-1545966921-impecable-bellas-terminaciones-3-habitaciones-3-banos-_JM;1545966921;Arriendo;Casas;Impecable, Bellas Terminaciones, 3 Habitaciones, 3 Baños;CLP;800000;Pasaje Ángel Legaza Norambuena, Punta Arenas, Magallanes;1;150;81;3;3
https://www.portalinmobiliario.com/MLC-2739514616-gran-casa-central-para-oficinas-_JM;2739514616;Arriendo;Casas;Gran Casa Central Para Oficinas;UF;80;Libertador Bernardo O'higgins 443, Punta Arenas, Magallanes;;350;300;10;6
https://www.portalinmobiliario.com/MLC-1552800153-arriendo-a-institucion-a-dos-cuadras-de-plaza-de-armas-_JM;1552800153;Arriendo;Casas;Arriendo A Institucion A Dos Cuadras De Plaza De Armas.;UF;65;Juez Waldo Seguel 510, Punta Arenas, Punta Arenas, Magallanes;55;180;180;3;2
https://www.portalinmobiliario.com/MLC-2759498246-casa-en-arriendo-sector-sur-de-punta-arenas-_JM;2759498246;Arriendo;Casas;Casa En Arriendo Sector Sur De Punta Arenas;CLP;480000;Plaza Muñoz Gamero 799, Punta Arenas, Magallanes;;75;120;2;1
https://www.portalinmobiliario.com/MLC-1551009497-arriendo-de-casa-_JM;1551009497;Arriendo;Casas;Arriendo De Casa;CLP;1080000;C. Nueva 7, Punta Arenas, Punta Arenas, Magallanes;0;100.6;93.6;3;3
https://www.portalinmobiliario.com/MLC-1549585795-arrienda-amplia-casa-5d4b-5-est3-bod-sector-sur-parenas-_JM;1549585795;Arriendo;Casas;Arrienda Amplia Casa 5d/4b, 5 Est.3 Bod. Sector Sur P.arenas;CLP;3000000;Punta Arenas, Punta Arenas, Magallanes;;900;380;4;4
https://www.portalinmobiliario.com/MLC-2787314718-arrienda-amoblada-casa-2d2besthornillasavfrei-parenas-_JM;2787314718;Arriendo;Casas;Arrienda Amoblada Casa 2d/2b,est.hornillas/av.frei, P.arenas;CLP;500000;Hornillas 01225, Punta Arenas, Magallanes Y La Antártica Chilena, Chile, Punta Arenas, Magallanes;;144;68;2;2
https://www.portalinmobiliario.com/MLC-1505848593-gran-propiedad-en-venta-en-villa-los-alpes-_JM;1505848593;Venta;Casas;Gran Propiedad En Venta En Villa Los Alpes;UF;13972;Punta Arenas, Punta Arenas, Magallanes;20.0;680.0;195.0;4;4
https://www.portalinmobiliario.com/MLC-1523395715-vendemos-casa-perfecta-para-tu-familia-3d-3b-cc-_JM;1523395715;Venta;Casas;Vendemos Casa Perfecta Para Tu Familia 3d 3b Cc;UF;5770;Calle 5 , Terrazas Del Estrecho, Punta Arenas, Magallanes;12.0;220.0;110.0;3;3
https://www.portalinmobiliario.com/MLC-2470385708-hermosa-casa-sector-norte-punta-arenas-_JM;2470385708;Venta;Casas;Hermosa Casa Sector Norte Punta Arenas;UF;16000;Punta Arenas, Punta Arenas, Magallanes;13.0;504.0;244.0;4;4
https://www.portalinmobiliario.com/MLC-2737486012-acogedora-casa-en-arriendo-en-villa-sendero-austra-_JM;2737486012;Arriendo;Casas;Acogedora Casa En Arriendo En Villa Sendero Austra...;CLP;690000;Punta Arenas, Punta Arenas, Magallanes;15.0;132.0;73.0;3;2
https://www.portalinmobiliario.com/MLC-1541520413-casa-de-dos-pisos-4-dormitorios-living-comedor-cocina-_JM;1541520413;Venta;Casas;Casa De Dos Pisos, 4 Dormitorios, Living, Comedor, Cocina;CLP;249000000;Punta Arenas, Magallanes;;173.0;173.0;4;1
https://www.portalinmobiliario.com/MLC-2754210852-luminoso-y-amplio-departamento-sector-norte-_JM;2754210852;Arriendo;Departamentos;Luminoso Y Amplio Departamento - Sector Norte;CLP;710000;Calle Nueva 5, Punta Arenas, Magallanes;0.0;61.0;61.0;2;2
https://www.portalinmobiliario.com/MLC-1489718607-increible-casa-en-condominio-de-punta-arenas-_JM;1489718607;Venta;Casas;Increíble Casa En Condominio De Punta Arenas;UF;9000;Lt A-26 Condominio Los Vascos Punta Arenas, Punta Arenas, Magallanes;24.0;480.0;140.0;3;3
https://www.portalinmobiliario.com/MLC-1489755315-se-vende-propiedad-en-pleno-centro-de-punta-arenas-_JM;1489755315;Venta;Casas;Se Vende Propiedad En Pleno Centro De Punta Arenas...;CLP;600000000;Punta Arenas, Punta Arenas, Magallanes;109.0;229.0;519.0;13;13
https://www.portalinmobiliario.com/MLC-1547255287-arrendamos-grandes-y-comodos-espacios-3d-2b-_JM;1547255287;Arriendo;Casas;Arrendamos Grandes Y Comodos Espacios 3d 2b;CLP;1100000;Sector Centro, Punta Arenas, Magallanes;44.0;250.0;150.0;3;2
https://www.portalinmobiliario.com/MLC-2772080584-arriendo-casa-4d-1b-ccentral-sector-norte-av-esp-_JM;2772080584;Arriendo;Casas;Arriendo Casa 4d 1b Ccentral, Sector Norte Av Esp;CLP;800000;Hornillas, Punta Arenas, Magallanes;54.0;150.0;100.0;4;1
